<NotepadPlus>
    <UserLang name="noodle" ext="pasta" udlVersion="2.1">
        <Settings>
            <Global caseIgnored="no" allowFoldOfComments="no" foldCompact="no" forcePureLC="0" decimalSeparator="0" />
            <Prefix Keywords1="yes" Keywords2="yes" Keywords3="no" Keywords4="yes" Keywords5="yes" Keywords6="no" Keywords7="no" Keywords8="no" />
        </Settings>
        <KeywordLists>
            <Keywords name="Comments">00 01 02 03 04</Keywords>
            <Keywords name="Numbers, prefix1"></Keywords>
            <Keywords name="Numbers, prefix2"></Keywords>
            <Keywords name="Numbers, extras1"></Keywords>
            <Keywords name="Numbers, extras2"></Keywords>
            <Keywords name="Numbers, suffix1"></Keywords>
            <Keywords name="Numbers, suffix2"></Keywords>
            <Keywords name="Numbers, range"></Keywords>
            <Keywords name="Operators1"></Keywords>
            <Keywords name="Operators2"></Keywords>
            <Keywords name="Folders in code1, open"></Keywords>
            <Keywords name="Folders in code1, middle"></Keywords>
            <Keywords name="Folders in code1, close"></Keywords>
            <Keywords name="Folders in code2, open"></Keywords>
            <Keywords name="Folders in code2, middle"></Keywords>
            <Keywords name="Folders in code2, close"></Keywords>
            <Keywords name="Folders in comment, open"></Keywords>
            <Keywords name="Folders in comment, middle"></Keywords>
            <Keywords name="Folders in comment, close"></Keywords>
            <Keywords name="Keywords1">noodle</Keywords>
            <Keywords name="Keywords2">^</Keywords>
            <Keywords name="Keywords3">?</Keywords>
            <Keywords name="Keywords4">p&#x000D;&#x000A;</Keywords>
            <Keywords name="Keywords5">is&#x000D;&#x000A;isn&apos;t</Keywords>
            <Keywords name="Keywords6">|</Keywords>
            <Keywords name="Keywords7">=</Keywords>
            <Keywords name="Keywords8"></Keywords>
            <Keywords name="Delimiters">00&quot; 01 02&quot; 03: 04 05| 06 07 08 09 10 11 12 13 14 15 16 17 18 19 20 21 22 23</Keywords>
        </KeywordLists>
        <Styles>
            <WordsStyle name="DEFAULT" fgColor="0000A0" bgColor="FFFFFF" fontName="UD Digi Kyokasho NK-R" fontStyle="0" nesting="0" />
            <WordsStyle name="COMMENTS" fgColor="000000" bgColor="FFFFFF" fontStyle="0" nesting="0" />
            <WordsStyle name="LINE COMMENTS" fgColor="000000" bgColor="FFFFFF" fontStyle="0" nesting="0" />
            <WordsStyle name="NUMBERS" fgColor="FFFF00" bgColor="FFFFFF" fontStyle="0" nesting="0" />
            <WordsStyle name="KEYWORDS1" fgColor="0080FF" bgColor="FFFFFF" fontName="Bahnschrift SemiLight" fontStyle="3" nesting="0" />
            <WordsStyle name="KEYWORDS2" fgColor="FF0080" bgColor="FFFFFF" fontStyle="1" nesting="0" />
            <WordsStyle name="KEYWORDS3" fgColor="0000FF" bgColor="80FF80" fontName="Algerian" fontStyle="1" fontSize="11" nesting="0" />
            <WordsStyle name="KEYWORDS4" fgColor="FF0000" bgColor="FFFFFF" fontName="Yu Gothic Medium" fontStyle="3" nesting="0" />
            <WordsStyle name="KEYWORDS5" fgColor="FF0080" bgColor="FFFFFF" fontStyle="1" nesting="0" />
            <WordsStyle name="KEYWORDS6" fgColor="FF8000" bgColor="FFFFFF" fontStyle="1" nesting="0" />
            <WordsStyle name="KEYWORDS7" fgColor="FF8000" bgColor="FFFFFF" fontName="Arial" fontStyle="1" nesting="0" />
            <WordsStyle name="KEYWORDS8" fgColor="000000" bgColor="FFFFFF" fontStyle="0" nesting="0" />
            <WordsStyle name="OPERATORS" fgColor="0080FF" bgColor="FFFFFF" fontStyle="0" nesting="0" />
            <WordsStyle name="FOLDER IN CODE1" fgColor="004000" bgColor="FFFFFF" fontStyle="2" nesting="0" />
            <WordsStyle name="FOLDER IN CODE2" fgColor="000000" bgColor="FFFFFF" fontStyle="0" nesting="0" />
            <WordsStyle name="FOLDER IN COMMENT" fgColor="000000" bgColor="FFFFFF" fontStyle="0" nesting="0" />
            <WordsStyle name="DELIMITERS1" fgColor="0000FF" bgColor="FFFFFF" fontStyle="2" nesting="0" />
            <WordsStyle name="DELIMITERS2" fgColor="FF8040" bgColor="FFFFFF" fontStyle="1" nesting="1" />
            <WordsStyle name="DELIMITERS3" fgColor="804000" bgColor="FFFFFF" fontStyle="0" nesting="2051" />
            <WordsStyle name="DELIMITERS4" fgColor="000000" bgColor="FFFFFF" fontStyle="0" nesting="0" />
            <WordsStyle name="DELIMITERS5" fgColor="000000" bgColor="FFFFFF" fontStyle="0" nesting="0" />
            <WordsStyle name="DELIMITERS6" fgColor="000000" bgColor="FFFFFF" fontStyle="0" nesting="0" />
            <WordsStyle name="DELIMITERS7" fgColor="000000" bgColor="FFFFFF" fontStyle="0" nesting="0" />
            <WordsStyle name="DELIMITERS8" fgColor="000000" bgColor="FFFFFF" fontStyle="0" nesting="0" />
        </Styles>
    </UserLang>
</NotepadPlus>
